A1,Sinu_MRE1,TCCGTCC
A2,Sinu_MRE2,TCCGTCC
A3,Mga2,TCCGTCC
A4,CG1105,TCCGTCC
A5,CG1332,TCCGTCC
A6,CG31195_MRE1,TCCGTCC
A7,CG31195_MRE2,TCCGTCC
A8,CG8121,TCCGTCC
A9,Mcr,TCCGTCC
A10,Tsf2,TCCGTCC
A11,cals,TCCGTCC
A12,emp,TCCGTCC
B1,Iqfr_epsin-like,TCCGTCC
B2,Ptp99A,TCCGTCC
B3,Sema-1b,TCCGTCC
B4,CG10217,TCCGTCC
B5,CG14059,TCCGTCC
B6,CG4313,TCCGTCC
B7,CG6583,TCCGTCC
B8,CG7713,TCCGTCC
B9,Pck,CCGTCC
B10,CG1298,TCCGTCC
B11,CG17218,TCCGTCC
B12,CG2813,CCGTCC
C1,CG13088,TCCGTCC
C2,CG1084,TCCGTCC
C3,CG6965,CCGTCC
C4,CG8010,CCGTCC
C5,CG3446,CCGTCC
C6,CG15154,TCCGTCC
C7,Atet,CTCCGTCC
C8,BetaInt-nu,TCCGTCC
C9,Bves,TCCGTCC
C10,Cad96Cb,TCCGTCC
C11,Cah2,TCCGTCC
C12,CG12880,TCCGTCC
D1,CG14785,TCCGTCC
D2,CG31495,TCCGTCC
D3,CG4542_MRE1,TCCGTCC
D4,CG4542_MRE2,TCCGTCC
D5,CG6038,TCCGTCC
D6,CG6905,TCCGTCC
D7,CG8776,TCCGTCC
D8,Dok,TCCGTCC
D9,drd,TCCGTCC
D10,fy,TCCGTCC
D11,l235Bg,TCCGTCC
D12,l2gl,CCGTCC
E1,Oseg1,TCCGTCC
E2,Pka-R2,TCCGTCC
E3,Ppcs,TCCGTCC
E4,RecQ5,TCCGTCC
E5,Sbr,TCCGTCC
E6,SPoCk,TCCGTCC
E7,ttk,TCCGTCC
E8,yrt,TCCGTCC
E9,Gli,CCGTCC
E10,Nrx-IV,CCGTCC
E11,Lac,CCGTCC
E12,CG12789,CCGTCC
F1,XLOC_035581,CCGTCC
F2,XLOC_003055,TCCGTCC
F3,XLOC_001425,TCCGTCCGTCC
F4,XLOC_030523,TCTGTCC
F5,XLOC_030181,TCCGTTC
F6,XLOC_030521_MRE1,TCCGTCC
F7,XLOC_030521_MRE2,TCCGTCC
F8,XLOC_000338,TCCGTTC
F9,XLOC_022242,TCCG,TCC
F10,XLOC_022396,CCGTCC
F11,XLOC_023568,CCGTCC
F12,XLOC_031931,CCGTCC
G1,XLOC_019797,TCCGTCC
G2,XLOC_005141,TCCGTTC
G3,XLOC_001669_de,TCCGTCC,CCGTCC
G4,XLOC_001669_del2,TCCGTCC,CCGTCC
G5,XLOC_001669_MRE5,TCCGTCC
G6,CR44786-RA,TCCGTC
G7,Ctr1B,GCCCTTATCAGTTCT
G8,CG9422,CCCTTATCAGTT
G9,CG5850,CCCTTATCAGTT
G10,comm,CCTTATCAGTT
G11,CG11594,CTTATCAGTTC
G12,Atg4,CCTTATCAGTT
H1,CR44033,GCCCTTATCAG
H2,Kaz-m1,CTTATCAGTTC
H3,CG4705,CTTATCAGTTC
H4,MRE23,CCTTATCAGTT
H5,Dp1,CCTTATCAGTT
H6,Ubc12,ATCAGTTCT
